headline,date_and_time,details
"برازیل: صدر بولسونارو کو شکست، لوئز لولاڈی سلوا نئے صدر منتخب
", 31 اکتوبر 2022,برازیل میں منعقدہ صدارتی انتخابات میں صدر بولسونارو کو مخالف امیدوار سابق صدر لوئزلولا ڈی سلوا سے معمولی فرق سے شکست ہوگئی۔
"صومالیہ: دو کار بم دھماکوں میں 100 افراد جاں بحق، 300 سے زائد زخمی
", 30 اکتوبر 2022,صومالیہ کے دارالحکومت موغادیشو میں وزارت تعلیم کے باہر 2 کار بم دھماکوں کے نتیجے میں 100 افراد جاں بحق جبکہ 300 سے زائد زخمی ہوگئے۔ 
"بھارتی ریاست گجرات میں پُل گرنے سے ہلاکتوں کی تعداد 132 ہوگئی
", 31 اکتوبر 2022,بھارتی ریاست گجرات میں 100 سال پرانا پل گرنے سے ہلاکتوں کی تعداد 132 ہوگئی ہے۔
روس کا یوکرین سے معاہدہ معطل کرنے کے بعد دنیا میں اناج کی فراہمی متاثر ہونے کا خدشہ, 31 اکتوبر 2022,روس کی جانب سے یوکرین کی بندرگاہوں سے زرعی پیداوار برآمد کرنے کے لیے اقوام متحدہ کی ثالثی کے تحت ہونے والا معاہدہ معطل کرنے کے بعد دنیا میں خوراک کی فراہمی اور اناج کی قیمتوں میں اضافے کے خدشات ہیں۔
"امریکا نے بائیولوجیکل ہتھیار استعمال کرنے کا الزام مسترد کردیا
", 29 اکتوبر 2022,امریکی سفیر نے روس کی جانب سے امریکا پر یوکرین کی حیاتیاتی ہتھیاروں کی مالی معاونت کا الزام ’من گھڑت اور جھوٹا‘ قرار دے دیا۔
"جنوبی کوریا: ہالووین فیسٹیول کے دوران بھگڈر سے 120افراد ہلاک، 100 زخمی
",اپ ڈیٹ 30 اکتوبر 2022,جنوبی کوریا کے دارالحکومت سیئول میں ہالووین فیسٹیول کے دوران بھگڈر مچنے سے 120افراد ہلاک اور دیگر 100زخمی ہوگئے۔
"بھارتی ریاست گجرات میں 100سال پرانا پل گرنے سے 60 افراد ہلاک
",اپ ڈیٹ 31 اکتوبر 2022,بھارتی ریاست گجرات میں 100 سال پرانا پل گرنے سے 60 افراد ہلاک ہو گئے۔
"وزیراعظم دورہ چین کے دوران اسٹریٹجک تعلقات کو مزید تقویت دینے کیلئے پرعزم
", 30 اکتوبر 2022,وزیر اعظم شہباز شریف نے کہا ہے کہ دورہ چین کے دوران اسٹریٹجک تعلقات کو مزید وسعت دینے اور تجارت سمیت کاروباری تعلقات کو مزید تقویت دینے کے لیے پرامید ہیں۔
"جنوبی کوریا: ہالووین فیسٹیول کے دوران بھگڈر سے 151 افراد کی ہلاکت کے بعد سوگ کا اعلان
",اپ ڈیٹ 30 اکتوبر 2022,جنوبی کوریا کے دارالحکومت سیئول میں ہالووین فیسٹیول کے دوران بھگڈر مچنے سے 151 افراد کی ہلاکت کے بعد صدر یون سک یئول نے قومی سوگ کا اعلان کردیا۔
"روس نے یوکرین سے اناج کی برآمدات کا معاہدہ معطل کردیا
",اپ ڈیٹ 30 اکتوبر 2022,روس نے کریمیا میں بحری جہازوں پر حملوں کے بعد یوکرین کی بندرگاہوں سے زرعی پیداوار برآمد کرنے کے لیے اقوام متحدہ کی ثالثی کا معاہدہ معطل کردیا۔ 
"دنیا میں چیونٹیوں کی کُل تعداد 2 لاکھ کھرب ہے، تحقیق
",اپ ڈیٹ 20 ستمبر 2022,ایک نئی تحقیق میں دنیا میں چیونٹیوں کی کُل تعداد 2 لاکھ کھرب بتائی گئی ہے جس میں کہا گیا ہے کہ یہ حیران کن اعداد و شمار بھی ممکنہ طور پر حشرات الارض کی کُل آبادی کے اصل حجم سے کم ہے جو دنیا بھر کے ماحولیاتی نظام کا ایک لازمی حصہ ہیں۔
"ایران-امریکا ڈیل کیا ہمارے گھاٹے پورے کرے گی؟
",اپ ڈیٹ 02 ستمبر 2022,امریکی صدر جو بائیڈن نے اسرائیلی وزیرِاعظم یائیر لاپید سے فون پر گفتگو کی ہے۔ ان سے عالمی اور خطے کو درپیش چیلنجز پر تبادلہ خیال کیا۔ ایرانی خطرے پر بھی دونوں رہنماؤں کی بات چیت ہوئی۔ جو بائیڈن نے اس موقع پر امریکی یقین دہانی کا اعادہ کیا کہ امریکا کبھی بھی ایران کو ایٹمی ہتھیار حاصل نہیں کرنے دے گا، اور 
"مغربی کنارے میں اسرائیلی فورسز کی فائرنگ سے 2 فلسطینی جاں بحق
", 29 اکتوبر 2022,فلسطین کے مغربی کنارے میں اسرائیلی فورسز کی فائرنگ سے دو فلسطینی جاں بحق ہو گئے۔
"بھارتی صنعت کار گوتم اڈانی دنیا کے دوسرے امیر ترین شخص بن گئے
",اپ ڈیٹ 17 ستمبر 2022,بھارتی صنعت کار گوتم اڈانی دنیا کے 3 امیرترین افراد میں جگہ بنانے والے پہلے ایشیائی بننے کے چند ہفتوں بعددنیا کے دوسرے امیر ترین شخص بن گئے۔ 
"تین دہائیاں قبل بنایا گیا ملکہ الزبتھ کا تابوت کس دھات اور لکڑی سے تیار کیا گیا؟
",اپ ڈیٹ 13 ستمبر 2022,آخری رسومات کی ادائیگی سے قبل برطانیہ کے شہر لندن میں چار دن کے لیے رکھے گئے ملکہ الزبتھ دوم کی میت کا تابوت تین دہائیوں قبل تیار کیا گیا تھا۔
"لز ٹرس کے بعد برطانیہ کا اگلا وزیر اعظم کون  ہوگا؟
",اپ ڈیٹ 21 اکتوبر 2022,برطانوی وزیر اعظم لز ٹرس نے منصب سنبھالنے کے 6 ہفتوں بعد استعفیٰ دینے کا اعلان کر دیا، جس کی اہم وجہ معاشی پروگرام بحال کرنے میں ناکامی تھی کیونکہ مارکیٹوں کی طرف سے سخت ردعمل نے کنزرویٹو پارٹی کو تقسیم کردیا۔ 
"’بوٹ پالش کرنے والوں سے بات نہیں کرتا‘، عمران خان نے باہمی مشاورت کا دعویٰ مسترد کردیا
",اپ ڈیٹ 30 اکتوبر 2022,سابق وزیر اعظم اور چیئرمین پاکستان تحریک انصاف عمران خان نے کہا ہے کہ شہباز شریف نے دعویٰ کیا کہ میں نے انہیں آرمی چیف کی تعیناتی پر مشاورت کے لیے پیغام بھیجا، شہباز شریف میری بات سن لو! میں بوٹ پالش کرنے والوں سے بات نہیں کرتا۔
"بچوں کی بستر گیلا کرنے کی عادت، والدین کیا کریں؟
",اپ ڈیٹ 28 فروری 2021,9 سالہ فرمان یوں تو سب گھر والوں کا لاڈلا تھا خصوصاً امی کو سب سے زیادہ پسند تھا، لیکن اس کی ایک عادت کی  وجہ سے امی اور گھر والے بہت پریشان تھے، اور وہ عادت تھی اتنا بڑا ہونے کے باوجود اپنے بستر پر رات میں پیشاب کرنا۔۔۔ جس کی وجہ سے اسے شرمندگی بھی ہوتی اور گھر میں بھی بدبو ہوتی۔ 
"قومی ٹیم کی شکست پر زمبابوین صدر کا طنز، وزیر اعظم کا بھرپور جواب
",اپ ڈیٹ 28 اکتوبر 2022,ٹی20 ورلڈ کپ میں قومی ٹیم کی زمبابوے کے ہاتھوں شکست کے بعد زمبابوے کے صدر ایمرسن ڈیمبڈزو مننگواگا نے اپنی ٹیم کو مبارکباد دینے کے ساتھ ساتھ پاکستان کی ٹیم کا مذاق بھی اڑایا جس پر وزیراعظم پاکستان شہباز شریف نے انہیں بھرپور جواب دیتے ہوئے کھیل کو اس کی روح کے مطابق کھیلنے کا سبق سکھایا۔
"ایلون مسک نے ٹوئٹر کا کنٹرول سنبھال لیا
",اپ ڈیٹ 28 اکتوبر 2022,مائیکرو بلاگنگ ویب سائٹ ٹوئٹر کو رواں برس اپریل میں 44 ارب ڈالر میں خریداری کا معاہدہ کرنے کے بعد خریداری سے مکر جانے والے دنیا کے امیر ترین شخص ایلون مسک نے ٹوئٹر کا کنٹرول سنبھال لیا۔
"نیوزی لینڈ کے خلاف سری لنکا آسان میچ کس طرح ہارا؟
", 29 اکتوبر 2022,ٹی20 ورلڈ کپ ہر گزرتے دن کے ساتھ دلچسپ صورت اختیار کرتا جارہا ہے۔ آج سڈنی کے مقام پر گروپ 1 میں شامل سری لنکا اور نیوزی لینڈ کی ٹیمیں مدِمقابل تھیں۔ 
"زمبابوے سے شکست کو دل پر مت لیں، مداحوں کی شاداب خان کو تسلیاں
",اپ ڈیٹ 28 اکتوبر 2022,جب کرکٹ کی بات ہوتی ہے تو جذبات آسمانوں کو چھوتے ہیں لیکن بعض اوقات لوگ بھول جاتے ہیں کہ مداحوں کی طرح کھلاڑی بھی شکست کو دل پر لیتے ہیں، سپورٹرز فوری طور پر کھلاڑی کو تسلی دینا شروع کر دیتے ہیں جب دیکھتے ہیں کہ ان پر منفی اثرات ہو رہے  ہیں، یہ صورتحال اس وقت بھی پیدا ہوئی جب سوشل میڈیا پر زیرگردش ویڈیو میں شاداب خان مبینہ طور پر آبدیدہ نظر آرہے ہیں۔
اقتدار کی آگ میں کون بھسم ہوگا؟,اپ ڈیٹ 28 اکتوبر 2022,ایک اچھے سیاستدان کی یہ خوبی ہے کہ وہ ناممکن کو ممکن بنا سکتا ہے۔ ہمارے پاس قائدِاعظم سے بہتر کوئی مثال ہی نہیں اور ابھی ہماری عمر ہی کیا ہے کہ بہت سی مثالیں دی جاسکیں۔ ہمارے ملک میں وزیرِاعظم بننے کے لیے اچھا سیاستدان ہونا ضروری نہیں۔ معین قریشی، شوکت عزیز، محمد علی بوگرہ سمیت کئی مثالیں موجود ہیں۔
ملک کو ایف اے ٹی ایف کی گرے لسٹ سے نکالنے والے ہیروز کون ہیں؟, 29 اکتوبر 2022,اسلام آباد کے سیکٹر جی 8 میں واقع وفاقی تحقیقاتی ادارے (ایف آئی اے) کے دفتر میں ہیجان کی فضا تھی۔ پورا دفتر شیشے کی طرح چمک رہا تھا۔ عملہ بھی خوب سوٹڈ بوٹڈ تھا، کئی کی وردیاں بھی نئی تھیں۔ عملے کے چہرے جوش و خروش سے دمک رہے تھے۔ وہی جوش جو کسی نتیجہ خیز آخری معرکے سے پہلے سرحد پر کھڑے کسی سپاہی کے چہرے پر ہوتا ہے۔ لیکن ساتھ آنکھوں میں خوف کے سائے بھی تھے۔
"ارشد شریف کی لاش سے گولی برآمد، کینیا میں ہونے والا پوسٹ مارٹم مشکوک ہوگیا
",اپ ڈیٹ 30 اکتوبر 2022,کینیا میں قتل ہونے والے صحافی اور سینئر ٹی وی اینکر پرسن ارشد شریف کی لاش سے پاکستان میں پوسٹ مارٹم کے دوران گولی کی برآمدگی نے حکام کو حیرت میں مبتلا کردیا اور نیروبی میں ہونے والے پوسٹ مارٹم کو مشکوک بنادیا۔ 
علی امیں گنڈا پور کی بندوقیں اور بندے لانے کی مبینہ آڈیو لیک, 29 اکتوبر 2022,    
اسرائیلی وزیر اعظم اور لبنانی صدر کے ’تاریخی‘ بحری معاہدے پر دستخط, 28 اکتوبر 2022,لبنان کے صدر میشل عون اور اسرائیلی وزیراعظم یائر لیپڈ نے امریکا کی ثالثی میں لبنان کے ساتھ بحری سرحد کی حد بندی کے معاہدے پر دستخط کردیے۔
امریکی شخص 4 سال تک اپنے ساتھی کی لاش کے ساتھ رہ کر اس کے چیک کیش کرواتا رہا, 29 ستمبر 2022,امریکی ریاست کیلی فورنیا کا ایک شخص مبینہ طور پر مردہ ساتھی کے ساتھ 4 سال تک ایک ہی روم میں رہ کر اُس کے اکاؤنٹس کے چیک کیش کرواتا رہا۔
لندن: نواز شریف کی رہائش گاہ کے باہر احتجاج کرنے والے پی ٹی آئی کے حامی گرفتار, 29 اکتوبر 2022,لندن میں پاکستان مسلم لیگ (ن) کے قائد نواز شریف کی رہائش گاہ ایون فیلڈ ہاؤس کے باہر پاکستان تحریک انصاف (پی ٹی آئی) اور لیگی کارکنان آمنے سامنے آگئے۔
"کئی دہائیوں سے غسل نہ کرنے والا ’دنیا کا گندہ ترین شخص’ انتقال کرگیا
",اپ ڈیٹ 26 اکتوبر 2022,ایران میں کئی دہائیوں سے نہانے سے کنارہ کشی کرنے کی وجہ سے ’دنیا کا گندہ ترین شخص‘ کہلانے والا آمو حاجی نامی بزرگ شہری انتقال کرگیا۔ 
"دنیا کا بدترین ٹوائلٹ کس ملک میں ہے؟ برطانوی بلاگر نے ڈھونڈ لیا
", 24 ستمبر 2022,برطانوی بلاگر گراہم آسکی نے دنیا کے سب سے بدترین ٹوائلٹ کو ڈھونڈنے کے لیے 91 ممالک کا دورہ کیا اور آخرکار انہوں نے تاجکستان میں دنیا کا سب سے خراب ٹوائلٹ ڈھونڈ ہی لیا۔ 
headline,date_and_time,details
"کوپ 27 کا آغاز : ’بروقت اقدام ہی موسمیاتی تبدیلی کی تباہ کاریوں کو مؤخر کر سکتا ہے‘
", 07 نومبر 2022,موسمیاتی تبدیلی پر اقوام متحدہ کا سربراہی اجلاس ’کوپ 27‘ کا گزشتہ روز مصر سے آغاز ہوگیا جہاں کاربن گیسوں کے اخراج کو کم کرنے کی کوششوں سے پیچھے ہٹنے کے خلاف انتباہ اور امیر ممالک سے قدرتی آفات کے بعد غریب ممالک کو معاوضہ دینے کا مطالبہ کیا گیا۔
"لز ٹرس کے بعد برطانیہ کا اگلا وزیر اعظم کون  ہوگا؟
",اپ ڈیٹ 21 اکتوبر 2022,برطانوی وزیر اعظم لز ٹرس نے منصب سنبھالنے کے 6 ہفتوں بعد استعفیٰ دینے کا اعلان کر دیا، جس کی اہم وجہ معاشی پروگرام بحال کرنے میں ناکامی تھی کیونکہ مارکیٹوں کی طرف سے سخت ردعمل نے کنزرویٹو پارٹی کو تقسیم کردیا۔ 
امریکی شخص 4 سال تک اپنے ساتھی کی لاش کے ساتھ رہ کر اس کے چیک کیش کرواتا رہا, 29 ستمبر 2022,امریکی ریاست کیلی فورنیا کا ایک شخص مبینہ طور پر مردہ ساتھی کے ساتھ 4 سال تک ایک ہی روم میں رہ کر اُس کے اکاؤنٹس کے چیک کیش کرواتا رہا۔
"دنیا میں چیونٹیوں کی کُل تعداد 2 لاکھ کھرب ہے، تحقیق
",اپ ڈیٹ 20 ستمبر 2022,ایک نئی تحقیق میں دنیا میں چیونٹیوں کی کُل تعداد 2 لاکھ کھرب بتائی گئی ہے جس میں کہا گیا ہے کہ یہ حیران کن اعداد و شمار بھی ممکنہ طور پر حشرات الارض کی کُل آبادی کے اصل حجم سے کم ہے جو دنیا بھر کے ماحولیاتی نظام کا ایک لازمی حصہ ہیں۔
"سابق وزیراعظم بنجمن نیتن یاہو ایک بار پھر اسرائیل کے وزیراعظم
",اپ ڈیٹ 04 نومبر 2022,اسرائیل میں دو روز قبل ہونے والے انتخابات میں واضح اکثریت حاصل کرنے کے بعد بنجمن نیتن یاہو ایک بار پھر اقتدار میں واپس آگئے ہیں۔
"پاک ۔ چین تعلقات سے آپ کا کوئی لینا دینا نہیں، چین کا امریکا کو پیغام
",اپ ڈیٹ 04 نومبر 2022,سٹمسن سینٹر میں چائنا پروگرام کے ڈائریکٹر کے مطابق چین کا ماننا ہے کہ امریکا کو چین اور پاکستان پر بیجنگ کے قرضوں پر دوبارہ مذاکرات پر زور دینا چاہیے نہ پاک ۔ چین تعلقات پر تنقید کرنی چاہیے۔
"روس: نائٹ کلب میں آتشزدگی سے 13 افراد ہلاک
", 06 نومبر 2022,روس کے شہر کوسٹروما میں پرہجوم نائٹ کلب میں آتشزدگی سے 13 افراد ہلاک ہوگئے۔
پاکستانی سیاستدانوں، جنرلز کی جاسوسی میں بھارتی ہیکرز کے ملوث ہونے کا انکشاف, 06 نومبر 2022,لندن میں موجود ’بیورو آف انویسٹی گیٹو جرنلزم‘ اور برطانوی اخبار ’سنڈے ٹائمز‘ نے انکشاف کیا ہے کہ بھارت کی خفیہ ایجنسیز کے حکم پر بھارتی ہیکرز کے گینگ نے پاکستانی سیاستدانوں، فوجی افسران اور سفارتکاروں  کی ای میل ہیک کروائے اورخفیہ آلات کے ذریعے سے ان کی گفتگو ریکارڈ کی۔
"’معجزات پر یقین نہیں تو پاکستانی کرکٹ ٹیم کو فالو کرنا شروع کردیں‘
", 06 نومبر 2022,اگر آپ کو معجزات پر یقین نہیں تو کرکٹ اور خاص طور پر پاکستانی ٹیم کو فالو کرنا شروع کردیں۔ بس پھر چند ہفتے یا مہینے لگیں گے اور معجزات پر آپ کا پختہ یقین ہوجائے گا۔ 
"ایلون مسک کے مالک بنتے ہی ان کی سابق محبوبہ امبر ہرڈ کا ٹوئٹر اکاؤنٹ غیر فعال
",اپ ڈیٹ 04 نومبر 2022,ایلون مسک کے ٹوئٹر کے مالک بننے کے بعد ان کی سابق محبوبہ ہولی وڈ اداکارہ امبر ہرڈ کا ٹوئٹر اکاؤنٹ پراسرار طور پر ڈیلیٹ ہوگیا، خیال کیا جا رہا ہے کہ اداکارہ نے ممکنہ طور پر خود اکاؤنٹ غیر فعال کردیا ہوگا۔
"ایلون مسک ٹوئٹر کو بہتر بنانے کی علی ظفر کی تجاویز کے معترف
", 04 نومبر 2022,ٹوئٹر کے نئے مالک ایلون مسک نے پاکستانی گلوکار و اداکار علی ظفر کی جانب سے ٹوئٹر کو بہتر بنانے کے لیے دی گئی تجاویز کی تعریف کرتے ہوئے انکشاف کیا ہے کہ ٹوئٹر پر سب سے بہترین مواد جاپانی لوگ تیار کرتے ہیں۔
"عمران خان پر فائرنگ کرنے والے ملزم کا نیا ویڈیو بیان سامنے آگیا
",اپ ڈیٹ 04 نومبر 2022,			
شمالی کوریا کا میزائل جنوبی کوریا کے ساحلی علاقے کے قریب جا گرا، جنوبی کوریا کا جوابی وار, 02 نومبر 2022,شمالی کوریا کی طرف سے تجرباتی طور پر فائر کیا گیا بیلسٹک میزائل جنوبی کوریا کے ساحلی علاقے سے 60 کلومیٹر سے بھی کم فاصلے پر جا گرا  جس پر جنوبی کوریا نے مشتعل ہوکر ہوائی حملے کی وارننگ جاری کرتے ہوئے احتجاجی طور پر جوابی میزائل فائر کردیا۔
شامی حکومت کا راکٹ حملہ، 9 افراد ہلاک, 07 نومبر 2022,شامی حکومت کے راکٹ فائر کے نتیجے میں ملک کے باغیوں کے زیر قبضہ آخری بڑے علاقے میں ملک کے بے گھر ہونے والے افراد کے عارضی کیمپوں میں 3 بچوں سمیت 9 افراد ہلاک ہو گئے۔
headline,date_and_time,details
"کوپ 27 کا آغاز : ’بروقت اقدام ہی موسمیاتی تبدیلی کی تباہ کاریوں کو مؤخر کر سکتا ہے‘
", 07 نومبر 2022,موسمیاتی تبدیلی پر اقوام متحدہ کا سربراہی اجلاس ’کوپ 27‘ کا گزشتہ روز مصر سے آغاز ہوگیا جہاں کاربن گیسوں کے اخراج کو کم کرنے کی کوششوں سے پیچھے ہٹنے کے خلاف انتباہ اور امیر ممالک سے قدرتی آفات کے بعد غریب ممالک کو معاوضہ دینے کا مطالبہ کیا گیا۔
"تین دہائیاں قبل بنایا گیا ملکہ الزبتھ کا تابوت کس دھات اور لکڑی سے تیار کیا گیا؟
",اپ ڈیٹ 13 ستمبر 2022,آخری رسومات کی ادائیگی سے قبل برطانیہ کے شہر لندن میں چار دن کے لیے رکھے گئے ملکہ الزبتھ دوم کی میت کا تابوت تین دہائیوں قبل تیار کیا گیا تھا۔
"لز ٹرس کے بعد برطانیہ کا اگلا وزیر اعظم کون  ہوگا؟
",اپ ڈیٹ 21 اکتوبر 2022,برطانوی وزیر اعظم لز ٹرس نے منصب سنبھالنے کے 6 ہفتوں بعد استعفیٰ دینے کا اعلان کر دیا، جس کی اہم وجہ معاشی پروگرام بحال کرنے میں ناکامی تھی کیونکہ مارکیٹوں کی طرف سے سخت ردعمل نے کنزرویٹو پارٹی کو تقسیم کردیا۔ 
امریکی شخص 4 سال تک اپنے ساتھی کی لاش کے ساتھ رہ کر اس کے چیک کیش کرواتا رہا, 29 ستمبر 2022,امریکی ریاست کیلی فورنیا کا ایک شخص مبینہ طور پر مردہ ساتھی کے ساتھ 4 سال تک ایک ہی روم میں رہ کر اُس کے اکاؤنٹس کے چیک کیش کرواتا رہا۔
لندن: نواز شریف کی رہائش گاہ کے باہر احتجاج کرنے والے پی ٹی آئی کے حامی گرفتار, 29 اکتوبر 2022,لندن میں پاکستان مسلم لیگ (ن) کے قائد نواز شریف کی رہائش گاہ ایون فیلڈ ہاؤس کے باہر پاکستان تحریک انصاف (پی ٹی آئی) اور لیگی کارکنان آمنے سامنے آگئے۔
"کئی دہائیوں سے غسل نہ کرنے والا ’دنیا کا گندہ ترین شخص’ انتقال کرگیا
",اپ ڈیٹ 26 اکتوبر 2022,ایران میں کئی دہائیوں سے نہانے سے کنارہ کشی کرنے کی وجہ سے ’دنیا کا گندہ ترین شخص‘ کہلانے والا آمو حاجی نامی بزرگ شہری انتقال کرگیا۔ 
"دنیا کا بدترین ٹوائلٹ کس ملک میں ہے؟ برطانوی بلاگر نے ڈھونڈ لیا
", 24 ستمبر 2022,برطانوی بلاگر گراہم آسکی نے دنیا کے سب سے بدترین ٹوائلٹ کو ڈھونڈنے کے لیے 91 ممالک کا دورہ کیا اور آخرکار انہوں نے تاجکستان میں دنیا کا سب سے خراب ٹوائلٹ ڈھونڈ ہی لیا۔ 
"دنیا میں چیونٹیوں کی کُل تعداد 2 لاکھ کھرب ہے، تحقیق
",اپ ڈیٹ 20 ستمبر 2022,ایک نئی تحقیق میں دنیا میں چیونٹیوں کی کُل تعداد 2 لاکھ کھرب بتائی گئی ہے جس میں کہا گیا ہے کہ یہ حیران کن اعداد و شمار بھی ممکنہ طور پر حشرات الارض کی کُل آبادی کے اصل حجم سے کم ہے جو دنیا بھر کے ماحولیاتی نظام کا ایک لازمی حصہ ہیں۔
"ایران-امریکا ڈیل کیا ہمارے گھاٹے پورے کرے گی؟
",اپ ڈیٹ 02 ستمبر 2022,امریکی صدر جو بائیڈن نے اسرائیلی وزیرِاعظم یائیر لاپید سے فون پر گفتگو کی ہے۔ ان سے عالمی اور خطے کو درپیش چیلنجز پر تبادلہ خیال کیا۔ ایرانی خطرے پر بھی دونوں رہنماؤں کی بات چیت ہوئی۔ جو بائیڈن نے اس موقع پر امریکی یقین دہانی کا اعادہ کیا کہ امریکا کبھی بھی ایران کو ایٹمی ہتھیار حاصل نہیں کرنے دے گا، اور 
"سابق وزیراعظم بنجمن نیتن یاہو ایک بار پھر اسرائیل کے وزیراعظم
",اپ ڈیٹ 04 نومبر 2022,اسرائیل میں دو روز قبل ہونے والے انتخابات میں واضح اکثریت حاصل کرنے کے بعد بنجمن نیتن یاہو ایک بار پھر اقتدار میں واپس آگئے ہیں۔
"اقوام متحدہ کا طالبان سے خواتین کارکنوں کی رہائی کا مطالبہ
", 05 نومبر 2022,اقوام متحدہ کی انسانی حقوق کے اداراے کے سربراہ وولکر ترک نے افغان طالبان سے خواتین کی سول سوسائٹی تنظیم کی جانب سے منعقد ایک پریس کانفرنس کے دوران حراست میں لی گئیں 5 کارکنان کو فوری رہا کرنے کا مطالبہ کردیا۔ 
"پاک ۔ چین تعلقات سے آپ کا کوئی لینا دینا نہیں، چین کا امریکا کو پیغام
",اپ ڈیٹ 04 نومبر 2022,سٹمسن سینٹر میں چائنا پروگرام کے ڈائریکٹر کے مطابق چین کا ماننا ہے کہ امریکا کو چین اور پاکستان پر بیجنگ کے قرضوں پر دوبارہ مذاکرات پر زور دینا چاہیے نہ پاک ۔ چین تعلقات پر تنقید کرنی چاہیے۔
"روس: نائٹ کلب میں آتشزدگی سے 13 افراد ہلاک
", 06 نومبر 2022,روس کے شہر کوسٹروما میں پرہجوم نائٹ کلب میں آتشزدگی سے 13 افراد ہلاک ہوگئے۔
پاکستانی سیاستدانوں، جنرلز کی جاسوسی میں بھارتی ہیکرز کے ملوث ہونے کا انکشاف, 06 نومبر 2022,لندن میں موجود ’بیورو آف انویسٹی گیٹو جرنلزم‘ اور برطانوی اخبار ’سنڈے ٹائمز‘ نے انکشاف کیا ہے کہ بھارت کی خفیہ ایجنسیز کے حکم پر بھارتی ہیکرز کے گینگ نے پاکستانی سیاستدانوں، فوجی افسران اور سفارتکاروں  کی ای میل ہیک کروائے اورخفیہ آلات کے ذریعے سے ان کی گفتگو ریکارڈ کی۔
وزیراعظم ’کوپ 27‘ میں شرکت کیلئے آج مصر روانہ ہوں گے,اپ ڈیٹ 06 نومبر 2022,وزیراعظم شہباز شریف 7 اور 8 نومبر کو شرم الشیخ میں اقوام متحدہ کی موسمیاتی تبدیلی کی 27 ویں کانفرنس (کوپ 27) کے سربراہی اجلاس میں شرکت کے لیے آج دورہ مصر پر روانہ ہوں گے۔
"'بدقسمت اور نظر انداز سرزمین'، جو بائیڈن کے متنازع بیان پر افغانی ناراض
",اپ ڈیٹ 06 نومبر 2022,امریکی صدر جو بائیڈن نے افغانستان کو 'نظر انداز، بدقسمت 'سرزمین قرار دے کر افغان قوم کو ناراض اور برہم کردیا جب کہ کابل کے حکمراں طالبان نے دعویٰ کیا کہ امریکی رہنما مایوسی کا شکار ہوکر ایسے بیانات دے رہے ہیں۔
"ٹی20 ورلڈ کپ: پاکستان نے جنوبی افریقہ کو 33 رنز سے شکست دے دی
",اپ ڈیٹ 03 نومبر 2022,ٹی20 ورلڈ کپ کے اہم میچ میں پاکستان نے ڈک ورتھ لوئس قانون کے تحت جنوبی افریقہ کو 33 رنز سے شکست دے دی۔
"توشہ خان ریفرنس میں نااہلی: عمران خان کو پارٹی سربراہی سے ہٹانے کی درخواست سماعت کیلئے منظور
",اپ ڈیٹ 04 نومبر 2022,لاہور ہائی کورٹ نے توشہ خان ریفرنس میں نااہلی کے بعد پاکستان تحریک انصاف (پی ٹی آئی) کے چیئرمین عمران خان کو پارٹی کی سربراہی سے ہٹانے کے لیے دائر درخواست سماعت کے لیے منظور کرلی۔
"’معجزات پر یقین نہیں تو پاکستانی کرکٹ ٹیم کو فالو کرنا شروع کردیں‘
", 06 نومبر 2022,اگر آپ کو معجزات پر یقین نہیں تو کرکٹ اور خاص طور پر پاکستانی ٹیم کو فالو کرنا شروع کردیں۔ بس پھر چند ہفتے یا مہینے لگیں گے اور معجزات پر آپ کا پختہ یقین ہوجائے گا۔ 
"ایلون مسک کے مالک بنتے ہی ان کی سابق محبوبہ امبر ہرڈ کا ٹوئٹر اکاؤنٹ غیر فعال
",اپ ڈیٹ 04 نومبر 2022,ایلون مسک کے ٹوئٹر کے مالک بننے کے بعد ان کی سابق محبوبہ ہولی وڈ اداکارہ امبر ہرڈ کا ٹوئٹر اکاؤنٹ پراسرار طور پر ڈیلیٹ ہوگیا، خیال کیا جا رہا ہے کہ اداکارہ نے ممکنہ طور پر خود اکاؤنٹ غیر فعال کردیا ہوگا۔
"کیا طلاق کے بعد خود کشی کرلوں؟ کرن اشفاق کا تنقید کرنے والی خاتون سے سوال
", 04 نومبر 2022,ماڈل کرن اشفاق نے اداکار عمران اشرف سے طلاق کے بعد خود پر ہونے والی تنقید پر خاموشی توڑتے ہوئے تنقید کرنے والی خواتین سے سوال کیا ہے کہ کیا انہیں جینے کا حق نہیں، وہ خود کشی کرلیں؟
"پاکستان سیمی فائنل میں پہنچے گا یا نہیں؟ اتوار تک انتظار کیجیے
", 03 نومبر 2022,آئی سی سی ٹورنامنٹ کھیلا جارہا ہو اور پاکستان کرکٹ ٹیم اگر، مگر کی صورتحال سے دوچار نہ ہو، ایسا کم ہی ہوتا ہے۔ 
"ایلون مسک ٹوئٹر کو بہتر بنانے کی علی ظفر کی تجاویز کے معترف
", 04 نومبر 2022,ٹوئٹر کے نئے مالک ایلون مسک نے پاکستانی گلوکار و اداکار علی ظفر کی جانب سے ٹوئٹر کو بہتر بنانے کے لیے دی گئی تجاویز کی تعریف کرتے ہوئے انکشاف کیا ہے کہ ٹوئٹر پر سب سے بہترین مواد جاپانی لوگ تیار کرتے ہیں۔
"عمران خان کا لانگ مارچ دوبارہ شروع کرنے کا اعلان
", 06 نومبر 2022,			
"وزیراعظم کا دورہ چین مکمل، صدر شی جن پنگ کی معاشی استحکام کیلئے مدد کی یقین دہانی
",اپ ڈیٹ 02 نومبر 2022,وزیرِ اعظم شہباز شریف دو روزہ دورہ چین مکمل کرکے وطن واپس روانہ ہوگئے جہاں انہوں نے چین کے صدر شی جن پنگ سے ملاقات کی جس میں چین کی جانب سے معاشی استحکام کے لیے پاکستان کی مدد کی یقین دہانی کروائی گئی ہے۔
"چینی کمپنیوں کی پاکستان میں بڑے منصوبوں میں سرمایہ کاری پر رضامندی
",اپ ڈیٹ 02 نومبر 2022,وزیراعظم محمد شہباز شریف کی دعوت پر چینی کمپنیوں نے پاکستان میں سرمایہ کاری میں گہری دلچسپی کا اظہار کرتے ہوئے کراچی میں پینے کے پانی کی فراہمی سمیت دیگر بڑے منصوبوں میں سرمایہ کاری پر رضامندی ظاہر کی ہے۔
"بھارتی صنعت کار گوتم اڈانی دنیا کے دوسرے امیر ترین شخص بن گئے
",اپ ڈیٹ 17 ستمبر 2022,بھارتی صنعت کار گوتم اڈانی دنیا کے 3 امیرترین افراد میں جگہ بنانے والے پہلے ایشیائی بننے کے چند ہفتوں بعددنیا کے دوسرے امیر ترین شخص بن گئے۔ 
"بھارت کا قطر میں گرفتار کیے گئے سابق بحریہ افسران کی رہائی کا مطالبہ
",اپ ڈیٹ 06 نومبر 2022,بھارتی بحریہ کے 8 سابق افسران 3 ماہ سے قطر کی حراست میں ہیں جب کہ نئی دہلی نے کہا ہے کہ وہ زیر حراست افسران کی رہائی کے لیے کوشش کر رہا ہے۔
"تنزانیہ: مسافر طیارہ جھیل میں گرنے سے 19 افراد ہلاک
", 06 نومبر 2022,تنزانیہ میں  موسم کی  خرابی کی وجہ سے بوکوبا  ایئرپورٹ پر لینڈنگ سے قبل ہی مقامی مسافر طیارہ وکٹوریہ جھیل میں گر گیا جس کے نتیجے میں 19 مسافر جاں بحق ہوگئے۔
شامی حکومت کا راکٹ حملہ، 9 افراد ہلاک, 07 نومبر 2022,شامی حکومت کے راکٹ فائر کے نتیجے میں ملک کے باغیوں کے زیر قبضہ آخری بڑے علاقے میں ملک کے بے گھر ہونے والے افراد کے عارضی کیمپوں میں 3 بچوں سمیت 9 افراد ہلاک ہو گئے۔
headline,date_and_time,details
ترکیہ: خواتین پر تشدد کیخلاف ریلی، پولیس نے درجنوں مظاہرین کو گرفتار کرلیا, 26 نومبر 2022,ترکیہ کے شہر استنبول میں خواتین کےخلاف تشدد کے خاتمے کے عالمی دن کے موقع پر ریلی نکالی گئی، پولیس نے درجنوں مظاہرین کو گرفتار کرلیا۔
جدہ میں شدید بارشوں سے دو افراد ہلاک، اسکول بند، فلائٹس التوا کا شکار, 25 نومبر 2022,سعودی عرب کے ساحلی شہر جدہ سمیت مغربی علاقوں میں شدید بارشوں کے نتیجے میں کم از کم دو افراد ہلاک ہو گئے اور بارشوں کے سبب سڑکیں زیر آب آنے کے سبب اسکول بند اور فلائٹس ملتوی کردی گئی ہیں۔
نئے آرمی چیف کو فوج پر عوام کا اعتماد بحال کرنے کا چیلنج درپیش ہے، امریکی میڈیا,اپ ڈیٹ 25 نومبر 2022,برطانوی اخبار 
بھارت: نریندرا مودی نے 2002 میں گجرات میں سماج دشمن عناصر کو سبق سکھایا تھا، امیت شاہ,اپ ڈیٹ 26 نومبر 2022,بھارت کی حکمران جماعت بھارتیہ جنتا پارٹی (بی جے پی) کے صدر اور وفاقی وزیر داخلہ امیت شاہ نے 
ترکیہ خطے میں ترقی و خوشحالی کیلئے سی پیک کا حصہ بنے، شہباز شریف,اپ ڈیٹ 25 نومبر 2022,وزیر اعظم شہباز شریف نے ترکیہ کوپاک-چین اقتصادی راہدی (سی پیک) میں شامل ہونے کی تجویز دیتے ہوئے کہا ہے کہ چین اور پاکستان بہترین دوست ہیں اور ہم صدر شی جن پنگ کے بلیٹ اینڈ روڈ وژن  کے تحت ثمرات سے فائدہ اٹھا رہے ہیں اور میں اسے ترکیہ تک وسعت دینے کی تجویز دیتا ہوں، اس سے خطے میں ترقی اور خوش حالی آئے گی۔
جرمنی: اسٹالین دور میں یوکرین میں بھوک سے ہونے والی ہلاکتیں ’نسل کشی‘ قرار دینے کی قرارداد,اپ ڈیٹ 25 نومبر 2022,جرمنی کے اراکین اسمبلی جوزف اسٹالین کے دور میں 1930  کی دہائی میں شدید بھوک سے لاکھوں یوکرینوں کی ہلاکت کو ’نسل کشی‘ قرار دینے کی  قرارداد منظور کرنے کے لیے تیار ہیں، ایسی زبان کیف کی جانب سے استعمال کی جاتی ہے۔
"پاکستان قدرتی آفات سے نمٹنے کیلئے فنڈنگ ​​حاصل کرنے والے 7 ممالک میں شامل
",اپ ڈیٹ 15 نومبر 2022,پاکستان سمیت 6 ممالک جی سیون ’گلوبل شیلڈ‘ اقدام سے فنڈ حاصل کرنے والے اولین ممالک میں شامل ہوں گے۔
"پیرس ایئرپورٹ پر 18 سال گزارنے والا ایرانی شہری انتقال کر گیا
", 13 نومبر 2022,فرانس کے دارالحکومت پیرس کے ایئرپورٹ کے اندر 18 سال تک رہائش اختیار کرنے والا ایرانی شہری چل بسا۔
"دنیا کا بدترین ٹوائلٹ کس ملک میں ہے؟ برطانوی بلاگر نے ڈھونڈ لیا
", 24 ستمبر 2022,برطانوی بلاگر گراہم آسکی نے دنیا کے سب سے بدترین ٹوائلٹ کو ڈھونڈنے کے لیے 91 ممالک کا دورہ کیا اور آخرکار انہوں نے تاجکستان میں دنیا کا سب سے خراب ٹوائلٹ ڈھونڈ ہی لیا۔ 
"دنیا میں چیونٹیوں کی کُل تعداد 2 لاکھ کھرب ہے، تحقیق
",اپ ڈیٹ 20 ستمبر 2022,ایک نئی تحقیق میں دنیا میں چیونٹیوں کی کُل تعداد 2 لاکھ کھرب بتائی گئی ہے جس میں کہا گیا ہے کہ یہ حیران کن اعداد و شمار بھی ممکنہ طور پر حشرات الارض کی کُل آبادی کے اصل حجم سے کم ہے جو دنیا بھر کے ماحولیاتی نظام کا ایک لازمی حصہ ہیں۔
"ایران-امریکا ڈیل کیا ہمارے گھاٹے پورے کرے گی؟
",اپ ڈیٹ 02 ستمبر 2022,امریکی صدر جو بائیڈن نے اسرائیلی وزیرِاعظم یائیر لاپید سے فون پر گفتگو کی ہے۔ ان سے عالمی اور خطے کو درپیش چیلنجز پر تبادلہ خیال کیا۔ ایرانی خطرے پر بھی دونوں رہنماؤں کی بات چیت ہوئی۔ جو بائیڈن نے اس موقع پر امریکی یقین دہانی کا اعادہ کیا کہ امریکا کبھی بھی ایران کو ایٹمی ہتھیار حاصل نہیں کرنے دے گا، اور 
ڈچ عدالت نے 2007 میں افغانستان کے شہری کمپاؤنڈ پر حملہ غیرقانونی قرار دے دیا, 24 نومبر 2022,نیدرلینڈز کی عدالت نے ڈچ ایئر فورس کی جانب سے 2007 میں افغانستان کے ایک شہری کمپاؤنڈ پر کیے گئے حملے کو غیرقانونی قرار دیتے ہوئے جاں بحق ہونے والوں کے اہلخانہ کو معاوضہ ادا کرنے کا حکم دے دیا۔
انڈونیشیا: دو دن سے ملبے تلے دبے چھ سالہ بچے کو معجزاتی طور پر بچا لیا گیا,اپ ڈیٹ 24 نومبر 2022,انڈونیشیا میں آنے والے تباہ کن زلزلے کے دو دن بعد ملبے کے نیچے سے چھ سالہ بچے کو معجزاتی طور پر زندہ نکال لیا گیا۔
افغانستان: 11 مرد اور 3 خواتین کو جرائم ثابت ہونے پر کوڑوں کی سزا,اپ ڈیٹ 25 نومبر 2022,کابل میں افغان عدالت کے حکم پر 11 مردوں اور 3 خواتین کو کوڑے مارے گئے۔
ملائیشیا: اپوزیشن لیڈر انور ابراہیم نئے وزیراعظم منتخب,اپ ڈیٹ 24 نومبر 2022,ملائشیا کے طویل عرصے تک اپوزیشن رہنما رہنے والے مسلم جمہوریت پسند انور ابراہیم ملک کے نئے وزیر اعظم منتخب ہوگئے جس کے بعد کافی دنوں سے جاری سیاسی تعطل ختم ہوگیا۔
استنبول: میلجم کارویٹ خیبر کا افتتاح، وزیراعظم کی دفاعی پیداوار میں اضافے کی تجویز,اپ ڈیٹ 25 نومبر 2022,وزیراعظم شہباز شریف نے ترکیہ کے صدر رجب طیب اردوان کے ہمراہ استنبول میں پاک بحریہ کے جہاز میلجم کارویٹ خیبر کا افتتاح کیا اور دونوں ممالک کو مل کر دفاعی پیداواری صلاحیت میں اضافے کی تجویز دی۔
اپریل، مئی میں انتخابات ہوتے دیکھ رہا ہوں، شیخ رشید,اپ ڈیٹ 25 نومبر 2022,عوامی مسلم لیگ کے سربراہ اور سابق وفاقی وزیر شیخ رشید نے کہا ہے کہ ملک میں قبل از وقت انتخابات اپریل، مئی میں ہوتے دیکھ رہا ہوں، یہ جامع صورت حال بنی ہے یا جو حوصلہ افزا حالات بنے ہیں یا بنائے گئے ہیں، یہ اسی کا حصہ ہے۔
’میرا دل یہ پکارے آجا‘ فیم ٹک ٹاکر کے ندا یاسر کے شو میں ڈانس کے چرچے,اپ ڈیٹ 25 نومبر 2022,گزشتہ چند دن سے انٹرنیٹ پر اپنے بے ترتیب ڈانس اسٹیپس سے لوگوں کو دیوانہ بنانے والی ٹک ٹاکرعائشہ عرف مانو کے ندا یاسر کے مارننگ شو میں گروپ ڈانس کی بھی ویڈیوز وائرل ہوگئیں۔
چین میں کووڈ پابندیاں مزید سخت، بیجنگ میں پارک، شاپنگ مال اور عجائب گھر بند,اپ ڈیٹ 22 نومبر 2022,چین میں کورونا وائرس کے بڑھتے ہوئے کیسز کے پیش نظر بیجنگ میں پارک، شاپنگ مال اور عجائب گھر بند کردیے گئے ہیں جس کے بعد معیشت کی جلد بحالی کے امکانات پر ایک مرتبہ پھر خطرات منڈلانے لگے ہیں۔
اداکارہ ارمینہ خان کے ہاں پہلے بچے کی پیدائش متوقع, 22 نومبر 2022,معروف برطانوی نژاد پاکستانی اداکارہ ارمینہ خان نے تصدیق کی ہے کہ ان کے ہاں جلد پہلے بچے کی پیدائش متوقع ہے۔
’پاک امریکا تعلقات کا فیصلہ وزیراعظم پاکستان نہیں، آرمی چیف کرتے ہیں‘,اپ ڈیٹ 23 نومبر 2022,سابق وزیر اعظم عمران خان کی اقتدار میں واپسی ہوگی یا نہیں لیکن اس کے امریکا اور پاکستان کے تعلقات کے مستقبل پر زیادہ اثرات مرتب نہیں ہوں گے کیونکہ اسلام آباد میں ایسے فیصلے وزیراعظم نہیں، آرمی چیف کرتے ہیں۔
صدر مملکت نے سمری پر دستخط کردیے، جنرل عاصم منیر پاکستان کے 17 ویں آرمی چیف مقرر,اپ ڈیٹ 24 نومبر 2022,صدر مملکت عارف علوی نے وزیراعظم شہباز شریف کی جانب سے بھیجی گئی اہم عسکری تقرریوں سے متعلق سمری پر دستخط کردیے، جس کے بعد جنرل عاصم منیر ملک کے 17 ویں آرمی چیف  اور جنرل ساحر شمشاد چیئرمین جوائنٹ چیفس آف اسٹاف کمیٹی بن گئے ہیں۔
نئے آرمی چیف جنرل عاصم منیر کون ہیں ؟,اپ ڈیٹ 24 نومبر 2022,کئی روز کی قیاس آرائیوں، توقعات اور اندیشوں کے بعد کہ فوج کے اعلیٰ عہدے پر تقرری میں تاخیر ہو سکتی ہے، وزیر اعظم شہباز شریف نے جنرل عاصم منیر کو 29 نومبر کو ریٹائر ہونے والے آرمی چیف جنرل قمر جاوید باجوہ کی جگہ بطور نیا آرمی چیف تعینات کردیا۔
حسنین لہری اور ارب پتی عرب اداکارہ لجین عضاضہ کے درمیان کیا چل رہا ہے؟, 23 نومبر 2022,پاکستان کے نامور ماڈل حنسین لہری نے 23 نومبر کو اماراتی ماڈل و اداکارہ  لجین عضاضة المعروف (ایل جے) کے ہمراہ رومانوی تصویر شیئر کی تو شوبز شخصیات اور مداحوں نے انہیں مبارک باد پیش کی۔
آرمی چیف کے آخری خطاب کے بعد مایا علی ٹوئٹر پر ٹاپ ٹرینڈ, 24 نومبر 2022,آرمی چیف جنرل قمر جاوید باجوہ کی جانب سے جی ایچ کیو میں 23 نومبر کو منعقد یوم شہدا کی تقریب سے الوداعی خطاب کے بعد ٹوئٹر پر اداکارہ مایا علی اچانک ٹاپ ٹرینڈ بن گئیں۔
وزیراعظم اور ڈی جی آئی ایس آئی کی اہم ملاقات, 24 نومبر 2022,    
ایرانی پولیس نے اسکارف اتارنے پر 2 معروف ادکاراؤں کو گرفتار کرلیا,اپ ڈیٹ 22 نومبر 2022,ایران میں اسکارف اتار کر احتجاجی تحریک کے ساتھ اظہار یکجہتی کرنے والی دو اداکاراؤں کو ایرانی حکام نے گرفتار کرلیا ہے۔
یروشلم: 2 بم دھماکوں میں ایک شخص ہلاک، 14 زخمی,اپ ڈیٹ 23 نومبر 2022,مقبوضہ بیت المقدس (یروشلم) کے دو الگ الگ مقامات پر بم دھماکوں میں ایک شخص ہلاک اور 14 افراد زخمی ہوگئے، دھماکوں میں یروشلم کے بس اسٹیشنز کو نشانہ بنایا گیا ہے۔
ترکیہ: استنبول میں 6.1 شدت کا زلزلہ، 50 افراد زخمی,اپ ڈیٹ 23 نومبر 2022,ترکیہ کے شمال مغرب میں 6.1 کی شدت کا زلزلے کے نتیجے میں 50 افراد زخمی ہوگئے تاہم بھاری نقصان کی اطلاع نہیں ملی۔
چین: آئی فون بنانے والی دنیا کی سب سے بڑی فیکٹری میں پرتشدد مظاہرے,اپ ڈیٹ 23 نومبر 2022,وسطی چین میں واقع فوکسکون کی آئی فون فیکٹری کے قریب پرتشدد مظاہرے پھوٹ پڑے جب کہ پلانٹ میں کورونا وائرس سے متعلق عائد پابندیوں پر مزدوروں کی سیکیورٹی اہلکاروں سے جھڑپ ہوئی۔
بھارت میں چوہوں نے 500 کلو چرس ہڑپ لی,اپ ڈیٹ 25 نومبر 2022,آپ نے آج تک یہ تو سنا ہوگا کہ چوہے جس گھر میں ہوں وہاں اشیائے خورونوش سمیت کوئی چیز نہیں چھوڑتے مگر کیا آپ نے کبھی یہ سنا ہے کہ چوہے چرس اور افیم بھی کھا جاتے ہیں، اگر نہیں سنا تو بھارتی شہر متھورا کی پولیس کی رپورٹ پڑھیں جس میں انہوں نے کہا ہے کہ چوہے 500 کلو چرس کھا گئے۔
"لز ٹرس کے بعد برطانیہ کا اگلا وزیر اعظم کون  ہوگا؟
",اپ ڈیٹ 21 اکتوبر 2022,برطانوی وزیر اعظم لز ٹرس نے منصب سنبھالنے کے 6 ہفتوں بعد استعفیٰ دینے کا اعلان کر دیا، جس کی اہم وجہ معاشی پروگرام بحال کرنے میں ناکامی تھی کیونکہ مارکیٹوں کی طرف سے سخت ردعمل نے کنزرویٹو پارٹی کو تقسیم کردیا۔ 
headline,date_and_time,Details
ترکیہ: خواتین پر تشدد کیخلاف ریلی، پولیس نے درجنوں مظاہرین کو گرفتار کرلیا, 26 نومبر 2022,ترکیہ کے شہر استنبول میں خواتین کےخلاف تشدد کے خاتمے کے عالمی دن کے موقع پر ریلی نکالی گئی، پولیس نے درجنوں مظاہرین کو گرفتار کرلیا۔
ڈچ عدالت نے 2007 میں افغانستان کے شہری کمپاؤنڈ پر حملہ غیرقانونی قرار دے دیا, 24 نومبر 2022,نیدرلینڈز کی عدالت نے ڈچ ایئر فورس کی جانب سے 2007 میں افغانستان کے ایک شہری کمپاؤنڈ پر کیے گئے حملے کو غیرقانونی قرار دیتے ہوئے جاں بحق ہونے والوں کے اہلخانہ کو معاوضہ ادا کرنے کا حکم دے دیا۔
انڈونیشیا: دو دن سے ملبے تلے دبے چھ سالہ بچے کو معجزاتی طور پر بچا لیا گیا,اپ ڈیٹ 24 نومبر 2022,انڈونیشیا میں آنے والے تباہ کن زلزلے کے دو دن بعد ملبے کے نیچے سے چھ سالہ بچے کو معجزاتی طور پر زندہ نکال لیا گیا۔
افغانستان: 11 مرد اور 3 خواتین کو جرائم ثابت ہونے پر کوڑوں کی سزا,اپ ڈیٹ 25 نومبر 2022,کابل میں افغان عدالت کے حکم پر 11 مردوں اور 3 خواتین کو کوڑے مارے گئے۔
ملائیشیا: اپوزیشن لیڈر انور ابراہیم نئے وزیراعظم منتخب,اپ ڈیٹ 24 نومبر 2022,ملائشیا کے طویل عرصے تک اپوزیشن رہنما رہنے والے مسلم جمہوریت پسند انور ابراہیم ملک کے نئے وزیر اعظم منتخب ہوگئے جس کے بعد کافی دنوں سے جاری سیاسی تعطل ختم ہوگیا۔
استنبول: میلجم کارویٹ خیبر کا افتتاح، وزیراعظم کی دفاعی پیداوار میں اضافے کی تجویز,اپ ڈیٹ 25 نومبر 2022,وزیراعظم شہباز شریف نے ترکیہ کے صدر رجب طیب اردوان کے ہمراہ استنبول میں پاک بحریہ کے جہاز میلجم کارویٹ خیبر کا افتتاح کیا اور دونوں ممالک کو مل کر دفاعی پیداواری صلاحیت میں اضافے کی تجویز دی۔
جدہ میں شدید بارشوں سے دو افراد ہلاک، اسکول بند، فلائٹس التوا کا شکار, 25 نومبر 2022,سعودی عرب کے ساحلی شہر جدہ سمیت مغربی علاقوں میں شدید بارشوں کے نتیجے میں کم از کم دو افراد ہلاک ہو گئے اور بارشوں کے سبب سڑکیں زیر آب آنے کے سبب اسکول بند اور فلائٹس ملتوی کردی گئی ہیں۔
نئے آرمی چیف کو فوج پر عوام کا اعتماد بحال کرنے کا چیلنج درپیش ہے، امریکی میڈیا,اپ ڈیٹ 25 نومبر 2022,برطانوی اخبار 
بھارت: نریندرا مودی نے 2002 میں گجرات میں سماج دشمن عناصر کو سبق سکھایا تھا، امیت شاہ,اپ ڈیٹ 26 نومبر 2022,بھارت کی حکمران جماعت بھارتیہ جنتا پارٹی (بی جے پی) کے صدر اور وفاقی وزیر داخلہ امیت شاہ نے 
ترکیہ خطے میں ترقی و خوشحالی کیلئے سی پیک کا حصہ بنے، شہباز شریف,اپ ڈیٹ 25 نومبر 2022,وزیر اعظم شہباز شریف نے ترکیہ کوپاک-چین اقتصادی راہدی (سی پیک) میں شامل ہونے کی تجویز دیتے ہوئے کہا ہے کہ چین اور پاکستان بہترین دوست ہیں اور ہم صدر شی جن پنگ کے بلیٹ اینڈ روڈ وژن  کے تحت ثمرات سے فائدہ اٹھا رہے ہیں اور میں اسے ترکیہ تک وسعت دینے کی تجویز دیتا ہوں، اس سے خطے میں ترقی اور خوش حالی آئے گی۔
جرمنی: اسٹالین دور میں یوکرین میں بھوک سے ہونے والی ہلاکتیں ’نسل کشی‘ قرار دینے کی قرارداد,اپ ڈیٹ 25 نومبر 2022,جرمنی کے اراکین اسمبلی جوزف اسٹالین کے دور میں 1930  کی دہائی میں شدید بھوک سے لاکھوں یوکرینوں کی ہلاکت کو ’نسل کشی‘ قرار دینے کی  قرارداد منظور کرنے کے لیے تیار ہیں، ایسی زبان کیف کی جانب سے استعمال کی جاتی ہے۔
"پاکستان قدرتی آفات سے نمٹنے کیلئے فنڈنگ ​​حاصل کرنے والے 7 ممالک میں شامل
",اپ ڈیٹ 15 نومبر 2022,پاکستان سمیت 6 ممالک جی سیون ’گلوبل شیلڈ‘ اقدام سے فنڈ حاصل کرنے والے اولین ممالک میں شامل ہوں گے۔
"پیرس ایئرپورٹ پر 18 سال گزارنے والا ایرانی شہری انتقال کر گیا
", 13 نومبر 2022,فرانس کے دارالحکومت پیرس کے ایئرپورٹ کے اندر 18 سال تک رہائش اختیار کرنے والا ایرانی شہری چل بسا۔
"دنیا کا بدترین ٹوائلٹ کس ملک میں ہے؟ برطانوی بلاگر نے ڈھونڈ لیا
", 24 ستمبر 2022,برطانوی بلاگر گراہم آسکی نے دنیا کے سب سے بدترین ٹوائلٹ کو ڈھونڈنے کے لیے 91 ممالک کا دورہ کیا اور آخرکار انہوں نے تاجکستان میں دنیا کا سب سے خراب ٹوائلٹ ڈھونڈ ہی لیا۔ 
"دنیا میں چیونٹیوں کی کُل تعداد 2 لاکھ کھرب ہے، تحقیق
",اپ ڈیٹ 20 ستمبر 2022,ایک نئی تحقیق میں دنیا میں چیونٹیوں کی کُل تعداد 2 لاکھ کھرب بتائی گئی ہے جس میں کہا گیا ہے کہ یہ حیران کن اعداد و شمار بھی ممکنہ طور پر حشرات الارض کی کُل آبادی کے اصل حجم سے کم ہے جو دنیا بھر کے ماحولیاتی نظام کا ایک لازمی حصہ ہیں۔
"ایران-امریکا ڈیل کیا ہمارے گھاٹے پورے کرے گی؟
",اپ ڈیٹ 02 ستمبر 2022,امریکی صدر جو بائیڈن نے اسرائیلی وزیرِاعظم یائیر لاپید سے فون پر گفتگو کی ہے۔ ان سے عالمی اور خطے کو درپیش چیلنجز پر تبادلہ خیال کیا۔ ایرانی خطرے پر بھی دونوں رہنماؤں کی بات چیت ہوئی۔ جو بائیڈن نے اس موقع پر امریکی یقین دہانی کا اعادہ کیا کہ امریکا کبھی بھی ایران کو ایٹمی ہتھیار حاصل نہیں کرنے دے گا، اور 
اپریل، مئی میں انتخابات ہوتے دیکھ رہا ہوں، شیخ رشید,اپ ڈیٹ 25 نومبر 2022,عوامی مسلم لیگ کے سربراہ اور سابق وفاقی وزیر شیخ رشید نے کہا ہے کہ ملک میں قبل از وقت انتخابات اپریل، مئی میں ہوتے دیکھ رہا ہوں، یہ جامع صورت حال بنی ہے یا جو حوصلہ افزا حالات بنے ہیں یا بنائے گئے ہیں، یہ اسی کا حصہ ہے۔
’میرا دل یہ پکارے آجا‘ فیم ٹک ٹاکر کے ندا یاسر کے شو میں ڈانس کے چرچے,اپ ڈیٹ 25 نومبر 2022,گزشتہ چند دن سے انٹرنیٹ پر اپنے بے ترتیب ڈانس اسٹیپس سے لوگوں کو دیوانہ بنانے والی ٹک ٹاکرعائشہ عرف مانو کے ندا یاسر کے مارننگ شو میں گروپ ڈانس کی بھی ویڈیوز وائرل ہوگئیں۔
چین میں کووڈ پابندیاں مزید سخت، بیجنگ میں پارک، شاپنگ مال اور عجائب گھر بند,اپ ڈیٹ 22 نومبر 2022,چین میں کورونا وائرس کے بڑھتے ہوئے کیسز کے پیش نظر بیجنگ میں پارک، شاپنگ مال اور عجائب گھر بند کردیے گئے ہیں جس کے بعد معیشت کی جلد بحالی کے امکانات پر ایک مرتبہ پھر خطرات منڈلانے لگے ہیں۔
اداکارہ ارمینہ خان کے ہاں پہلے بچے کی پیدائش متوقع, 22 نومبر 2022,معروف برطانوی نژاد پاکستانی اداکارہ ارمینہ خان نے تصدیق کی ہے کہ ان کے ہاں جلد پہلے بچے کی پیدائش متوقع ہے۔
’پاک امریکا تعلقات کا فیصلہ وزیراعظم پاکستان نہیں، آرمی چیف کرتے ہیں‘,اپ ڈیٹ 23 نومبر 2022,سابق وزیر اعظم عمران خان کی اقتدار میں واپسی ہوگی یا نہیں لیکن اس کے امریکا اور پاکستان کے تعلقات کے مستقبل پر زیادہ اثرات مرتب نہیں ہوں گے کیونکہ اسلام آباد میں ایسے فیصلے وزیراعظم نہیں، آرمی چیف کرتے ہیں۔
صدر مملکت نے سمری پر دستخط کردیے، جنرل عاصم منیر پاکستان کے 17 ویں آرمی چیف مقرر,اپ ڈیٹ 24 نومبر 2022,صدر مملکت عارف علوی نے وزیراعظم شہباز شریف کی جانب سے بھیجی گئی اہم عسکری تقرریوں سے متعلق سمری پر دستخط کردیے، جس کے بعد جنرل عاصم منیر ملک کے 17 ویں آرمی چیف  اور جنرل ساحر شمشاد چیئرمین جوائنٹ چیفس آف اسٹاف کمیٹی بن گئے ہیں۔
نئے آرمی چیف جنرل عاصم منیر کون ہیں ؟,اپ ڈیٹ 24 نومبر 2022,کئی روز کی قیاس آرائیوں، توقعات اور اندیشوں کے بعد کہ فوج کے اعلیٰ عہدے پر تقرری میں تاخیر ہو سکتی ہے، وزیر اعظم شہباز شریف نے جنرل عاصم منیر کو 29 نومبر کو ریٹائر ہونے والے آرمی چیف جنرل قمر جاوید باجوہ کی جگہ بطور نیا آرمی چیف تعینات کردیا۔
حسنین لہری اور ارب پتی عرب اداکارہ لجین عضاضہ کے درمیان کیا چل رہا ہے؟, 23 نومبر 2022,پاکستان کے نامور ماڈل حنسین لہری نے 23 نومبر کو اماراتی ماڈل و اداکارہ  لجین عضاضة المعروف (ایل جے) کے ہمراہ رومانوی تصویر شیئر کی تو شوبز شخصیات اور مداحوں نے انہیں مبارک باد پیش کی۔
ایرانی پولیس نے اسکارف اتارنے پر 2 معروف ادکاراؤں کو گرفتار کرلیا,اپ ڈیٹ 22 نومبر 2022,ایران میں اسکارف اتار کر احتجاجی تحریک کے ساتھ اظہار یکجہتی کرنے والی دو اداکاراؤں کو ایرانی حکام نے گرفتار کرلیا ہے۔
ایران میں جاری مظاہروں کے خلاف سخت کریک ڈاؤن پر اقوام متحدہ کا اظہار مذمت,اپ ڈیٹ 22 نومبر 2022,اقوام متحدہ نے ایران کی جانب سے جاری مظاہروں کے خلاف مہلک کریک ڈاؤن کرنے پر مذمت کی ہے، جو ملک بھر میں تقریباً دو مہینے سے جاری ہیں۔
یروشلم: 2 بم دھماکوں میں ایک شخص ہلاک، 14 زخمی,اپ ڈیٹ 23 نومبر 2022,مقبوضہ بیت المقدس (یروشلم) کے دو الگ الگ مقامات پر بم دھماکوں میں ایک شخص ہلاک اور 14 افراد زخمی ہوگئے، دھماکوں میں یروشلم کے بس اسٹیشنز کو نشانہ بنایا گیا ہے۔
"کئی دہائیوں سے غسل نہ کرنے والا ’دنیا کا گندہ ترین شخص’ انتقال کرگیا
",اپ ڈیٹ 26 اکتوبر 2022,ایران میں کئی دہائیوں سے نہانے سے کنارہ کشی کرنے کی وجہ سے ’دنیا کا گندہ ترین شخص‘ کہلانے والا آمو حاجی نامی بزرگ شہری انتقال کرگیا۔ 
"لز ٹرس کے بعد برطانیہ کا اگلا وزیر اعظم کون  ہوگا؟
",اپ ڈیٹ 21 اکتوبر 2022,برطانوی وزیر اعظم لز ٹرس نے منصب سنبھالنے کے 6 ہفتوں بعد استعفیٰ دینے کا اعلان کر دیا، جس کی اہم وجہ معاشی پروگرام بحال کرنے میں ناکامی تھی کیونکہ مارکیٹوں کی طرف سے سخت ردعمل نے کنزرویٹو پارٹی کو تقسیم کردیا۔ 
"برطانیہ کے بادشاہ چارلس کو انڈے مارنے والا نوجوان گرفتار
", 09 نومبر 2022,برطانوی پولیس نے بادشاہ چارلس اور ان کی اہلیہ کمیلا پر انڈے پھینکنے پر ایک نوجوان کو گرفتار کرلیا ہے جہاں وہ مشرقی انگلینڈ میں ایک تقریب میں شریک تھے۔
